"keyword","g_vol","g_comp","g_bid"
"3.3 퍼센트 계산기","50","낮음","1981"
"종합 소득세 신고 방법 프리랜서","50","낮음",""
"간편 장부 기준 경비율 단순 경비율","50","낮음",""
"연말 정산 사망자 인적 공제","50","낮음",""
"종합 소득세 과표 구간","50","낮음",""
"종소세 구간","500","낮음",""
"개인 사업자 종합 소득 세율","500","낮음","1771"
"연말 정산 부모님 인적 공제","50","낮음",""
"임대 소득세 세율","50","낮음",""
"조합원 입주권 양도세 계산기","50","낮음",""
"종합 소득세 신고 대상자 확인","50","낮음",""
"종합 소득세 프리랜서 신고","50","낮음",""
"사업 소득 필요 경비율","50","낮음",""
"프리랜서 홈택스 종합 소득세 신고 방법","50","낮음",""
"입주권 양도세 계산기","50","낮음",""
"퇴직금 계산기","50000","낮음","17"
"부모 인적 공제","50","낮음",""
"해외 주식 양도 소득세 계산기","500","낮음",""
"단순 경비율 종합 소득세 신고 방법","50","알 수 없음",""
"홈택스 부가세 계산기","50","낮음",""
"인적 공제","5000","낮음",""
"주택 세금 계산기","50","낮음",""
"홈택스 양도 소득세 모의 계산","50","낮음",""
"1 가구 2 주택 세금","500","낮음","1611"
"금융 소득 세율","5000","낮음",""
"2021 종합 소득세 계산기","0","알 수 없음",""
"배우자 인적 공제","50","낮음",""
"3.3 환급 수수료","50","낮음",""
"프리랜서 종합 소득세 신고 방법","500","낮음","2170"
"손 택스 종합 소득세 환급금 조회","50","낮음",""
"프리랜서 3.3 신고","50","낮음",""
"프리랜서 종합 소득세","500","낮음","2993"
"프리랜서 소득 신고 방법","50","낮음","1514"
"원천 징수 3.3 계산","50","낮음",""
"2021 년 종합 소득 세율","50","낮음",""
"3.3 세금 계산기","500","낮음","2128"
"퇴직 급여 충당금 계산기","50","낮음",""
"상가 임대 소득 단순 경비율","50","알 수 없음",""
"종합 소득세 가산세 계산기","50","낮음",""
"단순 경비율","500","낮음","1584"
"부부 공동 명의 1 가구 2 주택 양도세","50","낮음",""
"개인 종합 소득 세율","50","낮음",""
"프리랜서 3.3 종합 소득세 신고","50","중간","3508"
"종합 소득세 환급 대상","50","낮음",""
"종합 소득세 과세 표준","500","낮음","1685"
"프리랜서 종합 소득세 신고 유형","50","낮음",""
"2022 강사료 원천 징수 계산기","0","알 수 없음",""
"알바비 3.3 환급","50","낮음",""
"지방 1 가구 2 주택 양도세","50","낮음",""
"1 가구 2 주택 양도 소득세 비과세","50","낮음",""
"경비율","500","낮음",""
"아마존 관세 계산기","50","낮음",""
"실업 급여 180 일 계산기","500","낮음","251"
"부가세 계산기 프로그램","50","낮음","4482"
"복식 부기 기준 경비율","50","낮음",""
"임대 사업자 소득 세율","50","낮음",""
"종합 소득세 신고 대상 확인","500","낮음","1943"
"종합 소득세 모두 채움 신고 대상","50","낮음",""
"1 가구 1 주택 양도 소득세 비과세 요건","500","낮음","1599"
"종합 소득세 세금 구간","50","낮음",""
"종합 소득세 계산기","5000","낮음","1956"
"2022 년 종합 소득 세율","50","낮음",""
"vat 계산기","500","낮음","19"
"기준 경비율 신고","50","낮음",""
"인적 공제 대상","50","낮음",""
"종소세 프리랜서","50","낮음",""
"양도 소득세 계산기 엑셀","50","낮음",""
"종합 소득세 신고 단순 경비율","50","낮음",""
"네이버 관 부가세 계산기","500","낮음",""
"인적 공제 대상자","50","낮음",""
"종합 금융 소득세 계산기","50","낮음",""
"양도 소득 세율 계산기","50","낮음",""
"금융 소득세 계산기","50","낮음",""
"종소세 대상","50","낮음",""
"상여 원천 징수 자동 계산기","50","낮음",""
"종합 소득세 세율","5000","낮음","1337"
"임대 소득 단순 경비율","50","낮음",""
"프리랜서 기준 경비율","50","낮음",""
"부가세 제외 계산기","500","낮음","21"
"3.3 세금 돌려 받기","50","중간",""
"기타 소득 8.8","500","낮음",""
"프리랜서 3.3 계산기","500","낮음","1721"
"1 가구 2 주택 양도세 계산기","500","낮음",""
"복식 부기 의무자 기준 경비율","50","낮음",""
"종합 소득세 환급 계산기","0","알 수 없음",""
"기준 경비율 이란","50","낮음",""
"크몽 종합 소득세 신고 방법","50","낮음",""
"종합 소득 과세 표준 세율","50","낮음",""
"1 가구 2 주택 양도 소득세 면제","50","낮음",""
"부가세 세금 계산기","50","낮음",""
"프리랜서 소득 세율","500","낮음",""
"단순 경비율 추계 신고","50","낮음",""
"연봉 퇴직금 포함 계산","50","알 수 없음",""
"사업 소득 과세 표준","50","낮음",""
"퇴직금 연차 수당 계산기","50","낮음",""
"2022 종합 소득세 환급 일 조회","50","알 수 없음",""
"2021 종합 소득세 세율","0","알 수 없음",""
"1 가구 양도 소득세","50","낮음",""
"프리랜서 종합 소득세 신고 기간","50","낮음",""
"3.3 종합 소득세 신고","50","낮음","1668"
"기준 경비율 단순 경비율","500","낮음","1167"
"프리랜서 세금 신고 방법","50","낮음","1961"
"종합 소득세 대상 기간","50","낮음",""
"기준 경비율 신고 방법","50","낮음",""
"자영업자 세금 계산기","50","낮음",""
"2021 원천 징수 계산기","0","알 수 없음",""
"근로 소득 프리랜서 종합 소득세","50","알 수 없음",""
"프리랜서 5 월 소득세 신고","50","알 수 없음",""
"부동산 양도세 계산기","500","낮음","1497"
"임대 사업자 단순 경비율","50","낮음",""
"배당 소득세 구간","500","낮음",""
"양도세 1 가구 2 주택","50","낮음",""
"종합 소득세 대상","500","낮음","1146"
"해외 거주자 양도 소득세 계산기","50","낮음",""
"실업 급여 모의 계산기","50","낮음","28"
"프리랜서 종합 소득세 기한 후 신고","50","낮음",""
"인적 공제 방법","50","낮음",""
"연말 정산 한부모 가족 공제","50","알 수 없음",""
"인적 공제 150 만원","50","낮음",""
"종부세 계산 엑셀","50","낮음",""
"원천 징수 3.3 8.8","50","낮음",""
"프리랜서 종소세 신고 방법","50","낮음","2333"
"단순 경비","50","낮음",""
"종소세 환급 조회","50","낮음","4005"
"프리랜서 3.3 종합 소득세","50","낮음","1826"
"원천세 계산기","500","낮음","3299"
"1 가구 2 주택 양도세","500","낮음","1714"
"증여세 인적 공제","50","낮음",""
"종합 소득세 기본 세율","50","낮음",""
"종합 소득세 대상자","50","낮음",""
"종소세 계산기","500","낮음","1898"
"프리랜서 종합 소득세 신고 안하면","500","낮음",""
"종합 소득세 프리랜서 신고 방법","50","낮음",""
"퇴직 적립금 계산기","50","낮음",""
"2020 원천 징수 계산기","0","알 수 없음",""
"종합 소득세 신고 대상자 조회","50","낮음",""
"2022 종합 소득세 계산 엑셀","50","알 수 없음",""
"국세청 종합 소득세 환급금 조회","50","낮음","2437"
"종합 소득세 g 유형 신고 방법","50","알 수 없음",""
"연말 정산 인적 공제 대상","50","낮음",""
"종합 소득세 세율 2022","50","알 수 없음",""
"1 가구 2 주택 양도세 비과세 요건","500","낮음","2562"
"실업 수당 계산기","50","낮음",""
"소득세 3.3 계산기","50","낮음",""
"인적 공제 세액 공제","50","낮음",""
"사업 소득 세율","500","낮음","1948"
"프리랜서 단순 경비율","500","낮음",""
"기타 소득 3.3","50","낮음",""
"종합 소득세 계산 엑셀","50","낮음",""
"퇴직금 포함 연봉 계산기","50","낮음","18"
"임야 양도 소득세 계산기","50","낮음",""
"양도 소득세 자동 계산기","50","낮음",""
"3.3 환급 직접","50","낮음",""
"종소세 기준 경비율","50","낮음",""
"부가세 계산 하기","50","낮음",""
"1 가구 2 주택자 양도 소득세","50","낮음",""
"종합 소득세 세율 구간","500","낮음",""
"종합 소득 신고 대상자","50","낮음",""
"연말 정산 장인 장모 인적 공제","50","알 수 없음",""
"종합 소득 세율 2021","50","낮음",""
"연말 정산 기본 공제","500","낮음",""
"양도세 자동 계산","50","낮음","1529"
"3.3 환급 홈택스","50","알 수 없음",""
"단순 경비율 신고 방법","50","알 수 없음",""
"3.3 환급 일","50","낮음",""
"종합 소득세 부양 가족 공제","50","낮음",""
"연말 정산 인적 공제 방법","50","낮음",""
"종합 소득세 신고 방법 g 유형","50","알 수 없음",""
"종합 소득세 간편 장부 기준 경비율","50","낮음",""
"프리랜서 종합 소득세 신고","500","낮음","3273"
"알바 환급액 조회","50","알 수 없음",""
"1 가구 1 주택 양도 소득세 비과세","50","낮음",""
"퇴직금 계산 프로그램","50","낮음",""
"배우자 인적 공제 소득","50","알 수 없음",""
"1 가구 3 주택 세금","50","낮음",""
"크몽 종합 소득세","50","낮음",""
"오피스텔 1 가구 2 주택 양도세","50","낮음",""
"기준 경비율 추계 신고","50","낮음",""
"종합 소득세 인적 공제 대상","50","낮음",""
"아파트 매매 세금 계산기","500","낮음",""
"대학생 자녀 연말 정산 기본 공제","50","낮음",""
"연말 정산 종합 소득세 인적 공제","50","알 수 없음",""
"세금 3.3 계산기","500","낮음","1917"
"기타 소득 원천 징수 계산기","50","낮음",""
"원천 징수 세액 계산기","50","낮음",""
"종합 소득세 대상 확인","50","낮음",""
"종합 소득세 과세 표준 이란","50","낮음",""
"개인 사업자 인적 공제","50","낮음",""
"종합 소득세 d 형 기준 경비율","0","알 수 없음",""
"간이 과세자 종합 소득세 세율","50","낮음",""
"2021 실업 급여 계산기","0","알 수 없음",""
"개인 사업자 경비율","50","낮음",""
"1 가구 2 주택 양도 소득세 면제 조건","5000","낮음","1351"
"임대 소득 세율","500","낮음","1663"
"법인 종합 소득 세율","50","낮음","7732"
"개인 사업자 종합 소득세 세율","500","낮음","1693"
"부가세 납부 지연 가산세 계산기","50","낮음",""
"3.3 프로 계산","50","낮음",""
"종합 소득세 환급금 확인","50","낮음",""
"종합 소득세 구간","500","낮음","1923"
"사업자 소득 세율","50","낮음",""
"노동부 퇴직금 계산기","500","낮음",""
"3.3 사업 소득","50","낮음",""
"강사료 원천 징수 계산기","50","낮음",""
"세금 환급 3.3","50","낮음",""
"2022 원천 징수 계산기","50","알 수 없음",""
"기준 경비율","500","낮음","1542"
"사업 소득세 세율","50","낮음",""
"상속 1 가구 2 주택 양도세","50","낮음",""
"간편 장부 단순 경비율","50","낮음",""
"양도세 1 가구 1 주택","50","낮음",""
"종합 소득세 d 유형 간편 장부 기준 경비율","50","알 수 없음",""
"주택 임대 단순 경비율","50","낮음",""
"종소세 세율","500","낮음","1631"
"비거주자 양도 소득세 계산기","50","낮음",""
"d 유형 단순 경비율","50","알 수 없음",""
"장애인 인적 공제","50","낮음",""
"8.8 원천 징수","50","낮음",""
"퇴직금 자동 계산기","50","낮음",""
"크몽 종합 소득세 신고","50","알 수 없음",""
"알바 3.3 세금 환급","50","낮음","1332"
"프리랜서 3.3 환급","50","낮음",""
"단순 경비율 사업 소득","50","낮음",""
"3.3 계산법","500","낮음","2920"
"연말 정산 기본 공제 부모님","50","낮음",""
"종소세 세율 구간","500","낮음",""
"종합 소득세 과세 구간","500","낮음",""
"인적 공제 소득 공제","50","낮음",""
"피 보험 단위 기간 계산기","500","낮음",""
"직장인 프리랜서 종합 소득세 신고","50","알 수 없음",""
"프리랜서 종합 소득세 기준 경비율","50","알 수 없음",""
"1 가구 3 주택 양도 세율","50","낮음",""
"고용 노동부 퇴직금 계산기","5000","낮음","637"
"940909 기준 경비율","50","낮음",""
"종합 소득세 기준 경비율 단순 경비율","50","낮음",""
"국민 연금 인적 공제","50","낮음",""
"종합 소득세 프리랜서","50","낮음","3564"
"양도 소득세 1 가구 1 주택 비과세","50","낮음",""
"원천 징수 계산기","500","낮음","3288"
"연말 정산 인적 공제 확인","50","낮음",""
"2022 종합 소득 세율","50","낮음",""
"양도세 계산기 2022","50","알 수 없음",""
"3.3 프리랜서","500","낮음","4859"
"종소세 대상자","50","낮음",""
"종합 소득세 납부 대상","50","낮음",""
"종소세 신고 대상","500","낮음","2419"
"종합 소득세 환급금 조회","500","낮음","2160"
"종합 소득세 지방 소득세 모두 채움 신고 대상","0","알 수 없음",""
"원천 징수 8.8","50","낮음",""
"국세청 양도 소득세 계산기","500","낮음","1654"
"2021 기타 소득 원천 징수 계산기","0","알 수 없음",""
"알바 세금 9.32","50","알 수 없음",""
"신규 사업자 단순 경비율","50","낮음",""
"퇴직금 실수령액 계산","500","낮음","107"
"3.3 홈택스","50","낮음",""
"알바 3.3 계산기","0","알 수 없음",""
"일 가구 일 주택 양도세","50","낮음","2805"
"사업 소득 원천 징수 계산기","50","낮음",""
"3.3 종합 소득세 신고 방법","50","낮음","1638"
"연말 정산 종합 소득 과세 표준","50","낮음",""
"프리랜서 원천 징수 계산기","50","낮음",""
"프리랜서 소득세 신고","50","낮음","2222"
"원천 징수 3.3 계산기","500","낮음","1951"
"상가 양도 소득세 계산기","500","낮음","1502"
"종합 소득세 신고 대상자 확인 방법","500","낮음","1572"
"연말 정산 인적 공제 금액","50","낮음",""
"홈택스 3.3 환급","50","낮음","2023"
"2021 종합 소득세 계산 엑셀","0","알 수 없음",""
"상가 임대 사업자 단순 경비율","50","낮음",""
"근로 소득세 3.3","50","낮음",""
"종합 소득 세율 2022 년","50","알 수 없음",""
"비사업용 토지 양도 소득세 계산기","50","알 수 없음",""
"it 프리랜서 종합 소득세","50","낮음",""
"상속 으로 인한 1 가구 2 주택 양도세","50","낮음","5490"
"종합 소득세 인적 공제","50","낮음",""
"평균 임금 계산기","500","낮음",""
"종합 소득세 신고 인적 공제","50","낮음",""
"2021 종합 소득 세율","50","낮음",""
"인적 공제 란","50","낮음",""
"장기 보유 특별 공제 계산기","50","낮음","1457"
"단순 경비율 수입 금액","50","낮음",""
"해외 주식 세금 계산기","500","낮음",""
"학원 강사 단순 경비율","50","낮음",""
"개인 사업 소득 세율","50","낮음",""
"사업 소득 3.3","500","낮음",""
"1 가구 2 주택 양도세 2021","0","알 수 없음",""
"프리랜서 단순 경비율 기준 경비율","50","낮음",""
"1 가구 4 주택 양도세","50","낮음",""
"종합 소득세 단순 경비율 신고 방법","50","낮음",""
"추계 신고 시 적용 경비율","50","낮음",""
"부양 가족 인적 공제","50","낮음",""
"3.3 프로 계산기","500","낮음","2095"
"법인 양도 소득세 계산기","500","낮음",""
"gross up 계산기","50","낮음",""
"추계 신고 기준 경비율","50","낮음",""
"프리랜서 경비율","50","낮음",""
"홈택스 프리랜서 종합 소득세 신고","50","낮음",""
"인적 공제 금액","50","낮음",""
"단순 경비율 종합 소득세","50","낮음",""
"일시적 1 가구 2 주택 양도세 비과세","50","알 수 없음",""
"1 가구 2 주택 양도세 세율","500","낮음","1437"
"개인 택시 단순 경비율","50","낮음",""
"실업 수당 계산","50","낮음",""
"인적 공제 부모님","500","낮음",""
"종합 소득세 신고 대상 조회","50","낮음",""
"고용 보험 모의 계산","50","낮음",""
"퇴직금 계산기 세금","50","낮음",""
"비상장 주식 양도 소득세 계산기","50","낮음",""
"프리랜서 신고 유형","50","낮음",""
"종소세 과세 표준","500","낮음","1765"
"종합 과세 표준","50","낮음",""
"3.3 환급 받기","50","낮음",""
"22 년 종합 소득 세율","50","낮음",""
"종소 세율","500","낮음",""
"기준 경비율 주요 경비","50","낮음",""
"연말 정산 인적 공제 부모님","500","낮음",""
"종합 소득 세율","50000","낮음","2431"
"기타 소득세 8.8","50","낮음",""
"프리랜서 지방 소득세","50","낮음",""
"공급 가액 계산기","5000","낮음","1676"
"종합 부동산 세 계산기 엑셀","50","알 수 없음",""
"1 가구 4 주택 세금","50","낮음",""
"2021 년 기준 경비율","50","알 수 없음",""
"종합 소득세 기준 경비율 계산기","50","낮음",""
"종합 소득세 과표","50","낮음",""
"직장인 프리랜서 세금","50","낮음",""
"모두 채움 신고 대상","50","낮음",""
"프리랜서 종합 소득세 신고 대상","50","낮음",""
"홈택스 종합 소득세 환급금 조회","500","낮음","2838"
"단순 경비율 기준 경비율","500","낮음","848"
"940909 단순 경비율","50","낮음",""
"고용 노동부 퇴직금 계산","50","낮음",""
"공무원 퇴직금 계산기","50","낮음",""
"간편 장부 d 유형","50","알 수 없음",""
"사업 소득 단순 경비율","50","낮음",""
"1 가구 3 주택 비과세","50","알 수 없음",""
"종합 소득세 신고 대상 기간","50","낮음",""
"퇴직 급여 계산기","500","낮음","3247"
"네이버 퇴직금 계산기","500","낮음",""
"개인 사업자 종합 소득세 과세 표준","50","낮음",""
"부가가치세 가산세 계산기","500","낮음",""
"상가 주택 양도 소득세 계산기","50","낮음",""
"연말 정산 인적 공제 자녀","50","낮음",""
"2021 연말 정산 인적 공제","50","알 수 없음",""
"모두 채움 환급 대상","50","낮음",""
"신고 유형 간편 장부 단순 경비율","50","알 수 없음",""
"프리랜서 종합 소득세 d 유형","50","알 수 없음",""
"실업 급여 날짜 계산기","50","낮음",""
"아파트 양도세 계산기","500","낮음","1352"
"네이버 부가세 계산기","50","낮음",""
"단순 경비율 기준","500","낮음","1247"
"세금 3.3 환급","50","낮음",""
"일용직 3.3 환급","50","낮음",""
"단순 경비율 적용","50","낮음",""
"노동부 퇴직금 계산","50","낮음",""
"일반 사업자 소득 세율","50","낮음",""
"농지 양도 소득세 계산기","500","낮음","1735"
"국세청 퇴직금 계산기","500","낮음",""
"사업 소득 종합 소득세 신고 대상","50","낮음",""
"개인 사업자 소득 세율","500","낮음","1836"
"연금 소득 인적 공제","50","낮음",""
"종소세 소득 구간","50","낮음",""
"단순 경비 기준 경비","50","낮음",""
"실업 급여 계산기","5000","낮음","28"
"2021 퇴직금 계산 엑셀","0","알 수 없음",""
"오피스텔 양도 소득세 계산기","50","낮음",""
"실업 급여 금액 계산기","500","낮음","60"
"원천세 가산세 계산기","500","낮음",""
"3.3 원천 징수 계산기","500","낮음","1898"
"3.3 세금 환급 수수료","50","낮음",""
"3.3 환급 방법","50","낮음",""
"1 가구 1 주택 비거주 양도세","50","낮음",""
"단순 경비율 계산기","50","낮음",""
"국세청 부가세 계산기","50","낮음",""
"1 가구 1 주택 양도세 2021","50","알 수 없음",""
"프리랜서 세금 구간","500","낮음",""
"퇴직금 실수령액 계산기","50","낮음",""
"조정 지역 1 가구 2 주택 양도세","50","낮음",""
"종합 소득세 간편 장부 단순 경비율","50","중간",""
"dc 형 퇴직금 계산기","50","낮음",""
"퇴직금 계산기 엑셀","50","낮음",""
"d 유형 간편 장부 기준 경비율","0","알 수 없음",""
"간편 장부 기준","50","낮음",""
"부양 가족 소득 공제 부모","50","낮음",""
"3.3 돌려 받기","50","낮음",""
"3.3 프로 종합 소득세","50","낮음",""
"간편 장부 기준 경비율","50","낮음","1738"
"고용 노동부 실업 급여 계산기","50","낮음",""
"단순 장부","50","낮음",""
"프리랜서 종합 소득세 신고 하는 법","50","낮음",""
"종합 소득세 단순 경비율","50","낮음",""
"3.3 계산기","5000","낮음","2190"
"프리랜서 종합 소득세 신고 홈택스","50","알 수 없음",""
"2022 실업 급여 계산기","50","알 수 없음",""
"부가세 가산세 계산기 엑셀","50","낮음",""
"프리랜서 신고 방법","50","낮음",""
"종부세 계산기 엑셀","50","낮음",""
"종합 소득세 경비율","50","낮음",""
"소득세 인적 공제","50","낮음",""
"알바 퇴직금 계산기","500","낮음","36"
"주택 임대 사업자 단순 경비율","50","낮음",""
"2021 양도세 계산 엑셀","0","알 수 없음",""
"1 가구 1 주택 양도세 계산기","50","낮음",""
"토지 양도세 계산기","500","낮음","1522"
"분양권 양도 소득세 계산기","50","낮음",""
"단순 경비율 기준 경비율 차이","50","낮음","1609"
"프리랜서 종합 소득세 계산","50","알 수 없음",""
"프리랜서 강사 소득세","50","낮음",""
"조정 지역 1 가구 1 주택 양도세","50","낮음",""
"직장인 종합 소득세 신고 대상","50","낮음",""
"개인 사업자 종합 소득세 단순 경비율","50","낮음",""
"종합 소득세 기준 경비율 신고","50","낮음",""
"종합 소득세 세율표","50","낮음",""
"아파트 매도 세금 계산기","50","낮음",""
"소득세 환급금 조회","50","낮음","1351"
"3.3 프로 환급","50","낮음","2624"
"퇴직금 지연 이자 계산기","500","낮음",""
"종소세 단순 경비율","50","낮음",""
"상여금 세금 원천 징수 계산기","50","알 수 없음",""
"종합 소득세 기준 경비율","50","낮음",""
"간편 장부 경비율","50","낮음",""
"부동산 임대업 단순 경비율","50","낮음",""
"종합 소득세 단순 경비율 계산기","50","알 수 없음",""
"2022 종합 소득세 과세 표준","50","알 수 없음",""
"사람인 퇴직금","50","낮음",""
"부양 가족 사망시 연말 정산","50","낮음",""
"맞벌이 부부 인적 공제","50","낮음",""
"1 가구 2 주택 양도세 2022","50","알 수 없음",""
"소득 공제 인적 공제","50","낮음",""
"종합 소득세 환급 계좌 조회","50","낮음",""
"종합 소득세 신고 프리랜서","50","낮음",""
"1 가구 1 주택 양도 소득세 면제","50","낮음",""
"개인 사업자 종합 소득세 계산기","500","낮음","1891"
"공공 근로 인적 공제","50","낮음",""
"it 프리랜서 종합 소득세 신고","50","중간",""
"부가세 납부 불성실 가산세 계산기","50","낮음",""
"기준 경비율 과 단순 경비율 차이","50","낮음",""
"사업 소득세 3.3 계산기","50","낮음",""
"간편 장부 복식 부기 기준","50","낮음","1572"
"1 가구 1 주택 양도 소득세 면제 조건","500","낮음",""
"종합 소득세 누진 세율","50","낮음",""
"프리랜서 세금","500","낮음","2064"
"종합 소득 세율 2022","50","알 수 없음",""
"기준 경비율 간편 장부","50","낮음",""
"단순 경비율 신고","50","낮음",""
"간이 과세자 단순 경비율","50","낮음",""
"프리랜서 종소세 신고","50","낮음","2726"
"종합 소득세 세율 2021","50","알 수 없음",""
"상여금 원천 징수 계산기","50","낮음",""
"공동 명의 양도세 계산기","50","낮음",""
"프리랜서 종소세 계산기","50","낮음",""
"인적 용역 단순 경비율","50","낮음",""
"프리랜서 d 유형","50","낮음",""
"소득세 신고 대상","50","낮음",""
"토지 매매 세금 계산기","50","낮음",""
"프리랜서 원천 징수 환급","50","알 수 없음",""
"종소세 인적 공제","50","낮음",""
"강사비 원천 징수 계산기","50","낮음",""
"3.3 환급","5000","중간","2343"
"d 유형 기준 경비율","50","알 수 없음",""
"삼 쩜삼 계산기","50","낮음",""
"금융 종합 소득세 계산기","500","낮음",""
"프리랜서 5 월 종합 소득세","50","낮음",""
"한시적 1 가구 2 주택 양도세","50","낮음",""
"단순 경비율 이란","50","낮음",""
"일용직 퇴직금 계산기","50","낮음",""
"20 세 이상 자녀 인적 공제","50","낮음",""
"2021 년 귀속 종합 소득 세율","50","낮음",""
"주식 양도 소득세 계산기","500","낮음",""
"종합 소득세 환급 조회","50","낮음","2533"
"프리랜서 원천 징수 신고 방법","50","낮음",""
"부가세 별도 계산기","500","낮음","1588"
"경비율 적용 기준","50","낮음",""
"통상 임금 퇴직금 계산기","50","낮음",""
"기타 소득 원천 징수 8.8","50","낮음",""
"부담 부 증여 양도 소득세 계산기","50","낮음","1603"
"개인 사업자 종합 소득세 계산 엑셀","50","알 수 없음",""
"상속세 인적 공제","50","낮음","8642"
"종소세 환급금 조회","500","낮음","2431"
"1 가구 다주택 양도세","50","낮음",""
"프리랜서 종합 소득세 계산기","500","낮음","1468"
"주택 양도세 계산기","50","낮음","1293"
"종합 소득 세율 2020","50","낮음",""
"양도세 계산 엑셀","50","낮음",""
"종합 소득세 면제 대상","500","낮음",""
"공무원 퇴직 수당 계산기","500","낮음",""
"종합 소득세 단순 경비율 신고","50","낮음",""
"네이버 퇴직금","50","낮음",""
"퇴직금 계산기 네이버","500","낮음","18"
"홈택스 3.3","50","낮음",""
"프리랜서 종합 소득 신고","50","중간",""
"2023 년 종합 소득 세율","50","낮음",""
"단순 경비율 대상","50","낮음",""
"개인 사업자 단순 경비율","50","낮음",""
"주말 알바 퇴직금 계산","50","낮음",""
"3.3 세금 환급 방법","50","알 수 없음",""
"사람인 퇴직금 계산기","50","낮음",""
"3.3 원천 징수 환급","50","낮음","3041"
"1 가구 2 주택 임대 사업자 양도세","50","낮음",""
"종합 소득 세율 2023","50","낮음",""
"국내 주식 양도세 계산기","50","낮음",""
"종합 소득세 d 유형 단순 경비율","50","알 수 없음",""
"1 가구 1 주택 양도세 세율","500","낮음",""
"기준 경비율 단순 경비율 차이","50","낮음","66"
"종합 소득세 소득 구간","50","낮음",""
"종합 소득세 신고 대상","5000","낮음","1715"
"2021 양도세 계산기","50","알 수 없음",""
"부가세 포함 계산기","500","낮음","1866"
"일용 근로자 원천 징수 계산기","50","낮음",""
"연말 정산 형제 자매 인적 공제","50","알 수 없음",""
"국세청 3.3 환급","50","낮음","2333"
"프리랜서 종합 소득세 홈택스","50","알 수 없음",""
"간이 과세자 부가세 계산기","50","낮음",""
"프리랜서 종합 소득세 세무사","50","높음","1857"
"프리랜서 간편 장부","50","낮음",""
"3.3 세금 환급","50","낮음","2105"
"프리랜서 종합 소득세 세율","50","낮음",""
"아르바이트 3.3 환급","50","낮음",""
"종합 소득세 d 유형 기준 경비율","50","알 수 없음",""
"일시적 1 가구 3 주택 양도세","50","낮음",""
"경비율 이란","50","낮음",""
"연말 정산 장모님 인적 공제","50","알 수 없음",""
"기본 경비율","50","낮음",""
"아르바이트 퇴직금 계산기","50","낮음",""
"2022 종합 소득세 계산기","50","알 수 없음",""
"알바 3.3 환급","50","낮음","1124"
"종합 소득세 단순 경비율 기준 경비율","50","낮음",""
"종소세 g 유형","50","낮음",""
"일시적 1 가구 2 주택 양도 소득세","50","낮음",""
"사업 소득 경비율","50","낮음",""
"프리랜서 종합 소득세 간편 장부","50","낮음",""
"퇴직금 계산 하기","50000","낮음","17"
"1 가구 2 주택 보유세 양도세","50","알 수 없음",""
"개인 사업자 종합 소득세 구간","50","낮음",""
"부가세 계산기","50000","낮음","1851"
"프리랜서 종소세","500","낮음","3310"
"연말 정산 인적 공제","500","낮음",""
"사업 소득세 계산기","500","낮음",""
"종소세 환급 계산기","0","알 수 없음",""
"프리랜서 과세 표준","50","낮음",""
"1 가구 2 주택자 세금","50","낮음",""
"종합 소득세 간편 장부 d 유형","50","알 수 없음",""
"종합 소득 신고 대상","50","낮음",""
"종합 소득세 신고 제외 대상","500","낮음",""
"3.3 환급금","50","낮음","1420"
"표준 소득률","50","낮음",""
"5 월 종합 소득세 신고 대상","500","낮음",""
"조정 대상 지역 1 가구 2 주택 양도세","50","낮음",""
"양도세 계산기 2021","50","알 수 없음",""
"연말 정산 배우자 인적 공제","50","낮음",""
"1 가구 1 주택 비과세 기준","50","낮음",""
"관 부가세 계산기 네이버","500","낮음",""
"개인 사업자 소득 세율 2021","0","알 수 없음",""
"프리랜서 세금 계산기","500","낮음","1831"
"종합 소득세 신고 대상자","50","낮음",""
"1 가구 1 주택 양도세","500","낮음","1201"
"종합 소득세 3.3 환급","50","낮음",""
"일시적 1 가구 2 주택 양도세 비과세 요건","500","낮음",""
"연말 정산 부양 가족 혜택","50","낮음",""
"명예 퇴직금 세금 계산기","50","낮음",""
"양도 소득세 계산기","50000","낮음","1563"
"원천 징수 가산세 계산기","50","낮음",""
"3.3 세금 환급 홈택스","50","알 수 없음",""
"3.3 세금 계산법","50","낮음","2020"
"기타 소득 사업 소득 세율","50","낮음",""
"보험 설계사 단순 경비율","50","낮음",""
"사업 소득 기준 경비율","50","낮음",""
"인적 공제 확인","50","낮음",""
"3.3 종합 소득세 환급","50","낮음",""
"종합 소득세 계산기 엑셀","50","낮음",""
"실업 급여 근무일 수 계산기","50","낮음",""
"퇴직 일 계산기","50","낮음",""
"상속 주택 양도세 계산기","50","중간","2727"
"종합 소득세 외부 조정 대상자","50","낮음",""
"단순 경비율 간편 장부","50","낮음",""
