keyword,parent,depth,source
IRP,시드,0,시드
국민연금 예상수령액,시드,0,시드
노후대비,시드,0,시드
노후자금,시드,0,시드
연금저축,시드,0,시드
IRP 계좌 해지,IRP,1,naver_autocomplete
irp,IRP,1,naver_autocomplete
irp 계좌,IRP,1,naver_autocomplete
irp 계좌개설,IRP,1,naver_autocomplete
irp 뜻,IRP,1,naver_autocomplete
irp 세액공제,IRP,1,naver_autocomplete
irp 퇴직연금,IRP,1,naver_autocomplete
irp 해지,IRP,1,naver_autocomplete
개인연금저축,연금저축,1,naver_autocomplete
개인형 irp,IRP,1,naver_autocomplete
국민연금 예상수령액 감액,국민연금 예상수령액,1,naver_autocomplete
국민연금 예상수령액 계산기,국민연금 예상수령액,1,naver_autocomplete
국민연금 예상수령액 모의계산,국민연금 예상수령액,1,naver_autocomplete
국민연금 예상수령액 조견표,국민연금 예상수령액,1,naver_autocomplete
국민연금 예상수령액 조회,국민연금 예상수령액,1,naver_autocomplete
국민연금 예상수령액 조회방법,국민연금 예상수령액,1,naver_autocomplete
국민연금 예상수령액 조회하기,국민연금 예상수령액,1,naver_autocomplete
국민연금 예상수령액 확인,국민연금 예상수령액,1,naver_autocomplete
국민연금 예상수령액표,국민연금 예상수령액,1,naver_autocomplete
노후 대비 자격증 추천,노후대비,1,naver_autocomplete
노후 자금이 없습니다,노후자금,1,naver_autocomplete
노후대비 기준,노후대비,1,naver_autocomplete
노후대비 연금,노후대비,1,naver_autocomplete
노후대비 연금저축,노후대비,1,naver_autocomplete
노후대비 자격증,노후대비,1,naver_autocomplete
노후대비 자금,노후대비,1,naver_autocomplete
노후대비 책,노후대비,1,naver_autocomplete
노후대비 투자,노후대비,1,naver_autocomplete
노후대비 현금,노후대비,1,naver_autocomplete
노후자금 10억,노후자금,1,naver_autocomplete
노후자금 2억,노후자금,1,naver_autocomplete
노후자금 3억,노후자금,1,naver_autocomplete
노후자금 계산기,노후자금,1,naver_autocomplete
노후자금 뜻,노후자금,1,naver_autocomplete
노후자금 얼마,노후자금,1,naver_autocomplete
노후자금 얼마 있어야,노후자금,1,naver_autocomplete
노후자금 준비,노후자금,1,naver_autocomplete
소득공제용연금저축,연금저축,1,naver_autocomplete
연금보험연금저축,연금저축,1,naver_autocomplete
연금저축보험,연금저축,1,naver_autocomplete
연금저축세액공제한도,연금저축,1,naver_autocomplete
연금저축신탁,연금저축,1,naver_autocomplete
연금저축펀드,연금저축,1,naver_autocomplete
퇴직금 irp,IRP,1,naver_autocomplete
